"baseline","assembly","documentation_id","baseline_signature","integrated_signature","comparison","review_disposition","replacement_or_effect","review_evidence"
"main","ChartForgeX","P:ChartForgeX.Core.Chart.Options","public ChartForgeX.Core.ChartOptions ChartForgeX.Core.Chart.Options { get; }","public ChartForgeX.Core.ChartOptions ChartForgeX.Core.Chart.Options { get; private set; }","changed","external-getter-contract-retained","Private setter is implementation-only; callers still get the options object.","Integrated ChartForgeX/Core/Chart.cs Options declaration."
"label","ChartForgeX.Markup.Mermaid","M:ChartForgeX.Markup.Mermaid.MermaidVisualMarkupBlockParser.#ctor(ChartForgeX.Markup.Mermaid.MermaidVisualMarkupRenderOptions)","public ChartForgeX.Markup.Mermaid.MermaidVisualMarkupBlockParser.MermaidVisualMarkupBlockParser(ChartForgeX.Markup.Mermaid.MermaidVisualMarkupRenderOptions renderOptions)","","absent","canonical-main239-replacement","public ChartForgeX.Markup.Mermaid.MermaidVisualMarkupBlockParser.MermaidVisualMarkupBlockParser(ChartForgeX.Mermaid.MermaidRenderOptions renderOptions)","Integrated ChartForgeX.Mermaid/MermaidRenderOptions.cs; Markup.Mermaid parser constructors; existing SmokeTests/MarkupMermaidTests.cs:615."
"label","ChartForgeX.Markup.Mermaid","M:ChartForgeX.Markup.Mermaid.MermaidVisualMarkupParser.#ctor(ChartForgeX.Markup.Mermaid.MermaidVisualMarkupRenderOptions)","public ChartForgeX.Markup.Mermaid.MermaidVisualMarkupParser.MermaidVisualMarkupParser(ChartForgeX.Markup.Mermaid.MermaidVisualMarkupRenderOptions renderOptions)","","absent","canonical-main239-replacement","public ChartForgeX.Markup.Mermaid.MermaidVisualMarkupParser.MermaidVisualMarkupParser(ChartForgeX.Mermaid.MermaidRenderOptions renderOptions)","Integrated ChartForgeX.Mermaid/MermaidRenderOptions.cs; Markup.Mermaid parser constructors; existing SmokeTests/MarkupMermaidTests.cs:615."
"label","ChartForgeX.Markup.Mermaid","M:ChartForgeX.Markup.Mermaid.MermaidVisualMarkupRenderOptions.#ctor","public ChartForgeX.Markup.Mermaid.MermaidVisualMarkupRenderOptions.MermaidVisualMarkupRenderOptions()","","absent","canonical-main239-replacement","public ChartForgeX.Mermaid.MermaidRenderOptions.MermaidVisualMarkupRenderOptions()","Integrated ChartForgeX.Mermaid/MermaidRenderOptions.cs; Markup.Mermaid parser constructors; existing SmokeTests/MarkupMermaidTests.cs:615."
"label","ChartForgeX.Markup.Mermaid","P:ChartForgeX.Markup.Mermaid.MermaidVisualMarkupRenderOptions.Architecture","public ChartForgeX.Mermaid.MermaidTopologyRenderOptions? ChartForgeX.Markup.Mermaid.MermaidVisualMarkupRenderOptions.Architecture { get; set; }","","absent","canonical-main239-replacement","public ChartForgeX.Mermaid.MermaidTopologyRenderOptions? ChartForgeX.Mermaid.MermaidRenderOptions.Architecture { get; set; }","Integrated ChartForgeX.Mermaid/MermaidRenderOptions.cs; Markup.Mermaid parser constructors; existing SmokeTests/MarkupMermaidTests.cs:615."
"label","ChartForgeX.Markup.Mermaid","P:ChartForgeX.Markup.Mermaid.MermaidVisualMarkupRenderOptions.Block","public ChartForgeX.Mermaid.MermaidBlockRenderOptions? ChartForgeX.Markup.Mermaid.MermaidVisualMarkupRenderOptions.Block { get; set; }","","absent","canonical-main239-replacement","public ChartForgeX.Mermaid.MermaidBlockRenderOptions? ChartForgeX.Mermaid.MermaidRenderOptions.Block { get; set; }","Integrated ChartForgeX.Mermaid/MermaidRenderOptions.cs; Markup.Mermaid parser constructors; existing SmokeTests/MarkupMermaidTests.cs:615."
"label","ChartForgeX.Markup.Mermaid","P:ChartForgeX.Markup.Mermaid.MermaidVisualMarkupRenderOptions.C4","public ChartForgeX.Mermaid.MermaidTopologyRenderOptions? ChartForgeX.Markup.Mermaid.MermaidVisualMarkupRenderOptions.C4 { get; set; }","","absent","canonical-main239-replacement","public ChartForgeX.Mermaid.MermaidTopologyRenderOptions? ChartForgeX.Mermaid.MermaidRenderOptions.C4 { get; set; }","Integrated ChartForgeX.Mermaid/MermaidRenderOptions.cs; Markup.Mermaid parser constructors; existing SmokeTests/MarkupMermaidTests.cs:615."
"label","ChartForgeX.Markup.Mermaid","P:ChartForgeX.Markup.Mermaid.MermaidVisualMarkupRenderOptions.Class","public ChartForgeX.Mermaid.MermaidTopologyRenderOptions? ChartForgeX.Markup.Mermaid.MermaidVisualMarkupRenderOptions.Class { get; set; }","","absent","canonical-main239-replacement","public ChartForgeX.Mermaid.MermaidTopologyRenderOptions? ChartForgeX.Mermaid.MermaidRenderOptions.Class { get; set; }","Integrated ChartForgeX.Mermaid/MermaidRenderOptions.cs; Markup.Mermaid parser constructors; existing SmokeTests/MarkupMermaidTests.cs:615."
"label","ChartForgeX.Markup.Mermaid","P:ChartForgeX.Markup.Mermaid.MermaidVisualMarkupRenderOptions.EntityRelationship","public ChartForgeX.Mermaid.MermaidTopologyRenderOptions? ChartForgeX.Markup.Mermaid.MermaidVisualMarkupRenderOptions.EntityRelationship { get; set; }","","absent","canonical-main239-replacement","public ChartForgeX.Mermaid.MermaidTopologyRenderOptions? ChartForgeX.Mermaid.MermaidRenderOptions.EntityRelationship { get; set; }","Integrated ChartForgeX.Mermaid/MermaidRenderOptions.cs; Markup.Mermaid parser constructors; existing SmokeTests/MarkupMermaidTests.cs:615."
"label","ChartForgeX.Markup.Mermaid","P:ChartForgeX.Markup.Mermaid.MermaidVisualMarkupRenderOptions.EventModeling","public ChartForgeX.Mermaid.MermaidTopologyRenderOptions? ChartForgeX.Markup.Mermaid.MermaidVisualMarkupRenderOptions.EventModeling { get; set; }","","absent","canonical-main239-replacement","public ChartForgeX.Mermaid.MermaidTopologyRenderOptions? ChartForgeX.Mermaid.MermaidRenderOptions.EventModeling { get; set; }","Integrated ChartForgeX.Mermaid/MermaidRenderOptions.cs; Markup.Mermaid parser constructors; existing SmokeTests/MarkupMermaidTests.cs:615."
"label","ChartForgeX.Markup.Mermaid","P:ChartForgeX.Markup.Mermaid.MermaidVisualMarkupRenderOptions.Flowchart","public ChartForgeX.Mermaid.MermaidFlowchartRenderOptions? ChartForgeX.Markup.Mermaid.MermaidVisualMarkupRenderOptions.Flowchart { get; set; }","","absent","canonical-main239-replacement","public ChartForgeX.Mermaid.MermaidFlowchartRenderOptions? ChartForgeX.Mermaid.MermaidRenderOptions.Flowchart { get; set; }","Integrated ChartForgeX.Mermaid/MermaidRenderOptions.cs; Markup.Mermaid parser constructors; existing SmokeTests/MarkupMermaidTests.cs:615."
"label","ChartForgeX.Markup.Mermaid","P:ChartForgeX.Markup.Mermaid.MermaidVisualMarkupRenderOptions.Gantt","public ChartForgeX.Mermaid.MermaidGanttRenderOptions? ChartForgeX.Markup.Mermaid.MermaidVisualMarkupRenderOptions.Gantt { get; set; }","","absent","canonical-main239-replacement","public ChartForgeX.Mermaid.MermaidGanttRenderOptions? ChartForgeX.Mermaid.MermaidRenderOptions.Gantt { get; set; }","Integrated ChartForgeX.Mermaid/MermaidRenderOptions.cs; Markup.Mermaid parser constructors; existing SmokeTests/MarkupMermaidTests.cs:615."
"label","ChartForgeX.Markup.Mermaid","P:ChartForgeX.Markup.Mermaid.MermaidVisualMarkupRenderOptions.GitGraph","public ChartForgeX.Mermaid.MermaidGitGraphRenderOptions? ChartForgeX.Markup.Mermaid.MermaidVisualMarkupRenderOptions.GitGraph { get; set; }","","absent","canonical-main239-replacement","public ChartForgeX.Mermaid.MermaidGitGraphRenderOptions? ChartForgeX.Mermaid.MermaidRenderOptions.GitGraph { get; set; }","Integrated ChartForgeX.Mermaid/MermaidRenderOptions.cs; Markup.Mermaid parser constructors; existing SmokeTests/MarkupMermaidTests.cs:615."
"label","ChartForgeX.Markup.Mermaid","P:ChartForgeX.Markup.Mermaid.MermaidVisualMarkupRenderOptions.Ishikawa","public ChartForgeX.Mermaid.MermaidIshikawaRenderOptions? ChartForgeX.Markup.Mermaid.MermaidVisualMarkupRenderOptions.Ishikawa { get; set; }","","absent","canonical-main239-replacement","public ChartForgeX.Mermaid.MermaidIshikawaRenderOptions? ChartForgeX.Mermaid.MermaidRenderOptions.Ishikawa { get; set; }","Integrated ChartForgeX.Mermaid/MermaidRenderOptions.cs; Markup.Mermaid parser constructors; existing SmokeTests/MarkupMermaidTests.cs:615."
"label","ChartForgeX.Markup.Mermaid","P:ChartForgeX.Markup.Mermaid.MermaidVisualMarkupRenderOptions.Journey","public ChartForgeX.Mermaid.MermaidJourneyRenderOptions? ChartForgeX.Markup.Mermaid.MermaidVisualMarkupRenderOptions.Journey { get; set; }","","absent","canonical-main239-replacement","public ChartForgeX.Mermaid.MermaidJourneyRenderOptions? ChartForgeX.Mermaid.MermaidRenderOptions.Journey { get; set; }","Integrated ChartForgeX.Mermaid/MermaidRenderOptions.cs; Markup.Mermaid parser constructors; existing SmokeTests/MarkupMermaidTests.cs:615."
"label","ChartForgeX.Markup.Mermaid","P:ChartForgeX.Markup.Mermaid.MermaidVisualMarkupRenderOptions.Kanban","public ChartForgeX.Mermaid.MermaidTopologyRenderOptions? ChartForgeX.Markup.Mermaid.MermaidVisualMarkupRenderOptions.Kanban { get; set; }","","absent","canonical-main239-replacement","public ChartForgeX.Mermaid.MermaidTopologyRenderOptions? ChartForgeX.Mermaid.MermaidRenderOptions.Kanban { get; set; }","Integrated ChartForgeX.Mermaid/MermaidRenderOptions.cs; Markup.Mermaid parser constructors; existing SmokeTests/MarkupMermaidTests.cs:615."
"label","ChartForgeX.Markup.Mermaid","P:ChartForgeX.Markup.Mermaid.MermaidVisualMarkupRenderOptions.MindMap","public ChartForgeX.Mermaid.MermaidTopologyRenderOptions? ChartForgeX.Markup.Mermaid.MermaidVisualMarkupRenderOptions.MindMap { get; set; }","","absent","canonical-main239-replacement","public ChartForgeX.Mermaid.MermaidTopologyRenderOptions? ChartForgeX.Mermaid.MermaidRenderOptions.MindMap { get; set; }","Integrated ChartForgeX.Mermaid/MermaidRenderOptions.cs; Markup.Mermaid parser constructors; existing SmokeTests/MarkupMermaidTests.cs:615."
"label","ChartForgeX.Markup.Mermaid","P:ChartForgeX.Markup.Mermaid.MermaidVisualMarkupRenderOptions.Packet","public ChartForgeX.Mermaid.MermaidPacketRenderOptions? ChartForgeX.Markup.Mermaid.MermaidVisualMarkupRenderOptions.Packet { get; set; }","","absent","canonical-main239-replacement","public ChartForgeX.Mermaid.MermaidPacketRenderOptions? ChartForgeX.Mermaid.MermaidRenderOptions.Packet { get; set; }","Integrated ChartForgeX.Mermaid/MermaidRenderOptions.cs; Markup.Mermaid parser constructors; existing SmokeTests/MarkupMermaidTests.cs:615."
"label","ChartForgeX.Markup.Mermaid","P:ChartForgeX.Markup.Mermaid.MermaidVisualMarkupRenderOptions.Pie","public ChartForgeX.Mermaid.MermaidPieRenderOptions? ChartForgeX.Markup.Mermaid.MermaidVisualMarkupRenderOptions.Pie { get; set; }","","absent","canonical-main239-replacement","public ChartForgeX.Mermaid.MermaidPieRenderOptions? ChartForgeX.Mermaid.MermaidRenderOptions.Pie { get; set; }","Integrated ChartForgeX.Mermaid/MermaidRenderOptions.cs; Markup.Mermaid parser constructors; existing SmokeTests/MarkupMermaidTests.cs:615."
"label","ChartForgeX.Markup.Mermaid","P:ChartForgeX.Markup.Mermaid.MermaidVisualMarkupRenderOptions.Quadrant","public ChartForgeX.Mermaid.MermaidQuadrantRenderOptions? ChartForgeX.Markup.Mermaid.MermaidVisualMarkupRenderOptions.Quadrant { get; set; }","","absent","canonical-main239-replacement","public ChartForgeX.Mermaid.MermaidQuadrantRenderOptions? ChartForgeX.Mermaid.MermaidRenderOptions.Quadrant { get; set; }","Integrated ChartForgeX.Mermaid/MermaidRenderOptions.cs; Markup.Mermaid parser constructors; existing SmokeTests/MarkupMermaidTests.cs:615."
"label","ChartForgeX.Markup.Mermaid","P:ChartForgeX.Markup.Mermaid.MermaidVisualMarkupRenderOptions.Radar","public ChartForgeX.Mermaid.MermaidRadarRenderOptions? ChartForgeX.Markup.Mermaid.MermaidVisualMarkupRenderOptions.Radar { get; set; }","","absent","canonical-main239-replacement","public ChartForgeX.Mermaid.MermaidRadarRenderOptions? ChartForgeX.Mermaid.MermaidRenderOptions.Radar { get; set; }","Integrated ChartForgeX.Mermaid/MermaidRenderOptions.cs; Markup.Mermaid parser constructors; existing SmokeTests/MarkupMermaidTests.cs:615."
"label","ChartForgeX.Markup.Mermaid","P:ChartForgeX.Markup.Mermaid.MermaidVisualMarkupRenderOptions.Requirement","public ChartForgeX.Mermaid.MermaidTopologyRenderOptions? ChartForgeX.Markup.Mermaid.MermaidVisualMarkupRenderOptions.Requirement { get; set; }","","absent","canonical-main239-replacement","public ChartForgeX.Mermaid.MermaidTopologyRenderOptions? ChartForgeX.Mermaid.MermaidRenderOptions.Requirement { get; set; }","Integrated ChartForgeX.Mermaid/MermaidRenderOptions.cs; Markup.Mermaid parser constructors; existing SmokeTests/MarkupMermaidTests.cs:615."
"label","ChartForgeX.Markup.Mermaid","P:ChartForgeX.Markup.Mermaid.MermaidVisualMarkupRenderOptions.Sankey","public ChartForgeX.Mermaid.MermaidSankeyRenderOptions? ChartForgeX.Markup.Mermaid.MermaidVisualMarkupRenderOptions.Sankey { get; set; }","","absent","canonical-main239-replacement","public ChartForgeX.Mermaid.MermaidSankeyRenderOptions? ChartForgeX.Mermaid.MermaidRenderOptions.Sankey { get; set; }","Integrated ChartForgeX.Mermaid/MermaidRenderOptions.cs; Markup.Mermaid parser constructors; existing SmokeTests/MarkupMermaidTests.cs:615."
"label","ChartForgeX.Markup.Mermaid","P:ChartForgeX.Markup.Mermaid.MermaidVisualMarkupRenderOptions.Sequence","public ChartForgeX.Mermaid.MermaidSequenceRenderOptions? ChartForgeX.Markup.Mermaid.MermaidVisualMarkupRenderOptions.Sequence { get; set; }","","absent","canonical-main239-replacement","public ChartForgeX.Mermaid.MermaidSequenceRenderOptions? ChartForgeX.Mermaid.MermaidRenderOptions.Sequence { get; set; }","Integrated ChartForgeX.Mermaid/MermaidRenderOptions.cs; Markup.Mermaid parser constructors; existing SmokeTests/MarkupMermaidTests.cs:615."
"label","ChartForgeX.Markup.Mermaid","P:ChartForgeX.Markup.Mermaid.MermaidVisualMarkupRenderOptions.State","public ChartForgeX.Mermaid.MermaidTopologyRenderOptions? ChartForgeX.Markup.Mermaid.MermaidVisualMarkupRenderOptions.State { get; set; }","","absent","canonical-main239-replacement","public ChartForgeX.Mermaid.MermaidTopologyRenderOptions? ChartForgeX.Mermaid.MermaidRenderOptions.State { get; set; }","Integrated ChartForgeX.Mermaid/MermaidRenderOptions.cs; Markup.Mermaid parser constructors; existing SmokeTests/MarkupMermaidTests.cs:615."
"label","ChartForgeX.Markup.Mermaid","P:ChartForgeX.Markup.Mermaid.MermaidVisualMarkupRenderOptions.Timeline","public ChartForgeX.Mermaid.MermaidTimelineRenderOptions? ChartForgeX.Markup.Mermaid.MermaidVisualMarkupRenderOptions.Timeline { get; set; }","","absent","canonical-main239-replacement","public ChartForgeX.Mermaid.MermaidTimelineRenderOptions? ChartForgeX.Mermaid.MermaidRenderOptions.Timeline { get; set; }","Integrated ChartForgeX.Mermaid/MermaidRenderOptions.cs; Markup.Mermaid parser constructors; existing SmokeTests/MarkupMermaidTests.cs:615."
"label","ChartForgeX.Markup.Mermaid","P:ChartForgeX.Markup.Mermaid.MermaidVisualMarkupRenderOptions.TreeView","public ChartForgeX.Mermaid.MermaidTopologyRenderOptions? ChartForgeX.Markup.Mermaid.MermaidVisualMarkupRenderOptions.TreeView { get; set; }","","absent","canonical-main239-replacement","public ChartForgeX.Mermaid.MermaidTopologyRenderOptions? ChartForgeX.Mermaid.MermaidRenderOptions.TreeView { get; set; }","Integrated ChartForgeX.Mermaid/MermaidRenderOptions.cs; Markup.Mermaid parser constructors; existing SmokeTests/MarkupMermaidTests.cs:615."
"label","ChartForgeX.Markup.Mermaid","P:ChartForgeX.Markup.Mermaid.MermaidVisualMarkupRenderOptions.Treemap","public ChartForgeX.Mermaid.MermaidTreemapRenderOptions? ChartForgeX.Markup.Mermaid.MermaidVisualMarkupRenderOptions.Treemap { get; set; }","","absent","canonical-main239-replacement","public ChartForgeX.Mermaid.MermaidTreemapRenderOptions? ChartForgeX.Mermaid.MermaidRenderOptions.Treemap { get; set; }","Integrated ChartForgeX.Mermaid/MermaidRenderOptions.cs; Markup.Mermaid parser constructors; existing SmokeTests/MarkupMermaidTests.cs:615."
"label","ChartForgeX.Markup.Mermaid","P:ChartForgeX.Markup.Mermaid.MermaidVisualMarkupRenderOptions.Venn","public ChartForgeX.Mermaid.MermaidVennRenderOptions? ChartForgeX.Markup.Mermaid.MermaidVisualMarkupRenderOptions.Venn { get; set; }","","absent","canonical-main239-replacement","public ChartForgeX.Mermaid.MermaidVennRenderOptions? ChartForgeX.Mermaid.MermaidRenderOptions.Venn { get; set; }","Integrated ChartForgeX.Mermaid/MermaidRenderOptions.cs; Markup.Mermaid parser constructors; existing SmokeTests/MarkupMermaidTests.cs:615."
"label","ChartForgeX.Markup.Mermaid","P:ChartForgeX.Markup.Mermaid.MermaidVisualMarkupRenderOptions.Wardley","public ChartForgeX.Mermaid.MermaidWardleyRenderOptions? ChartForgeX.Markup.Mermaid.MermaidVisualMarkupRenderOptions.Wardley { get; set; }","","absent","canonical-main239-replacement","public ChartForgeX.Mermaid.MermaidWardleyRenderOptions? ChartForgeX.Mermaid.MermaidRenderOptions.Wardley { get; set; }","Integrated ChartForgeX.Mermaid/MermaidRenderOptions.cs; Markup.Mermaid parser constructors; existing SmokeTests/MarkupMermaidTests.cs:615."
"label","ChartForgeX.Markup.Mermaid","P:ChartForgeX.Markup.Mermaid.MermaidVisualMarkupRenderOptions.XYChart","public ChartForgeX.Mermaid.MermaidXYChartRenderOptions? ChartForgeX.Markup.Mermaid.MermaidVisualMarkupRenderOptions.XYChart { get; set; }","","absent","canonical-main239-replacement","public ChartForgeX.Mermaid.MermaidXYChartRenderOptions? ChartForgeX.Mermaid.MermaidRenderOptions.XYChart { get; set; }","Integrated ChartForgeX.Mermaid/MermaidRenderOptions.cs; Markup.Mermaid parser constructors; existing SmokeTests/MarkupMermaidTests.cs:615."
"label","ChartForgeX.Markup.Mermaid","T:ChartForgeX.Markup.Mermaid.MermaidVisualMarkupRenderOptions","public sealed class ChartForgeX.Markup.Mermaid.MermaidVisualMarkupRenderOptions","","absent","canonical-main239-replacement","public sealed class ChartForgeX.Mermaid.MermaidRenderOptions","Integrated ChartForgeX.Mermaid/MermaidRenderOptions.cs; Markup.Mermaid parser constructors; existing SmokeTests/MarkupMermaidTests.cs:615."
"label","ChartForgeX.Mermaid","T:ChartForgeX.Mermaid.MermaidFlowchartDocument","public sealed class ChartForgeX.Mermaid.MermaidFlowchartDocument : ChartForgeX.Mermaid.MermaidDocument","public class ChartForgeX.Mermaid.MermaidFlowchartDocument : ChartForgeX.Mermaid.MermaidDocument","changed","main239-inheritance-expansion","Flowchart document becomes inheritable for domain-specific Mermaid document types.","Integrated MermaidFlowchartDocument.cs and MermaidSwimlaneDocument.cs/MermaidUseCaseDocument.cs."
