"Id","Family","MainAndCandidateStatus","ExistingCapability","MissingOptions","PriorityLane","AcceptanceFixture","Owner","Dependencies","Verification"
"BAR","Bar / column","Implemented, partial","Vertical/horizontal, grouped/stacked, positive/negative sums, totals and per-item styles.","Independent stack groups and normalized stacks; preserve raw values separately from geometry.","N","One dataset in grouped/stacked/100%/two-stack-group modes, both orientations, negatives and zero-total policy.","ChartForgeX core","Shared scene/frame/theme; scales/format/layout/semantics as relevant","Source assessed; runtime/visual/performance unverified"
"LIN","Line","Implemented, partial","Straight/smooth/step, multi-series, secondaryY, numeric/date X, explicit BreakBefore.","Named interpolation, step start/middle/end where selected; missing-observation ingestion and connect/break policy.","N","Uneven dates/numeric X; specified steps and gaps; both backends leave the same disconnected interval empty.","ChartForgeX core","Shared scene/frame/theme; scales/format/layout/semantics as relevant","Source assessed; runtime/visual/performance unverified"
"ARE","Area","Implemented, partial","Plain/smooth/step and stacked; separate positive/negative accumulation; ordinary gaps.","Preserve fill meaning across themes; normalized/grouped stacks and stacked-gap policy. Candidate multi-series fill suppression requires reproduction.","F then N","Overlaid and stacked series retain fills; normalized endpoints; missing samples do not silently become zero.","ChartForgeX core","Shared scene/frame/theme; scales/format/layout/semantics as relevant","Source assessed; runtime/visual/performance unverified"
"SCA","Scatter","Implemented, partial","Numeric X/Y, multiple series, secondaryY, point colors/labels; circular marks.","Typed marker shapes/sizes and numeric color-scale domain. Manual point colors are not a data color scale.","N","Overlapping series remain distinguishable; chosen size/color domains and legend agree in SVG/PNG.","ChartForgeX core","Shared scene/frame/theme; scales/format/layout/semantics as relevant","Source assessed; runtime/visual/performance unverified"
"BUB","Bubble","Implemented, partial","X/Y/size records and date X; circles, item colors and size labels; series-local radius normalization.","Explicit size domain/min/max and cross-series shared size scale; custom label content. Current bubble text bypasses PointLabels.","N","Equal size values across series render equally; adding a series does not silently change existing size meaning.","ChartForgeX core","Shared scene/frame/theme; scales/format/layout/semantics as relevant","Source assessed; runtime/visual/performance unverified"
"HIS","Histogram","Implemented, partial","Counts from raw values, shared count/width layouts, empty bins and bar combinations.","Arbitrary boundaries, weighted/sum/mean aggregation, explicit density for unequal widths. Candidate rounded-bound defaults distinct.","N","Boundary sample enters one bin; empty bins remain; count/density differ correctly with unequal widths.","ChartForgeX core","Shared scene/frame/theme; scales/format/layout/semantics as relevant","Source assessed; runtime/visual/performance unverified"
"RBR","Range bar","Implemented, partial","Low/high records, numeric/date X, combined labels; fixed vertical geometry.","Horizontal orientation, adjacent multiple-series offsets and independent endpoint labels.","N","Two intervals per category are adjacent in both orientations; negative/cross-zero endpoints labeled correctly.","ChartForgeX core","Shared scene/frame/theme; scales/format/layout/semantics as relevant","Source assessed; runtime/visual/performance unverified"
"RAR","Range area","Implemented, partial","Straight/smooth low/high band, middle line, combined labels; requires low≤high.","Gap policy, independent boundaries; difference/crossing regions need distinct semantics. Candidate multiple bands lose fills under FlatMarks.","F then N","Bands retain fill; gaps stop boundaries/fill; selected difference mode splits color at actual crossings.","ChartForgeX core","Shared scene/frame/theme; scales/format/layout/semantics as relevant","Source assessed; runtime/visual/performance unverified"
"WAT","Waterfall","Implemented, partial","Vertical cumulative deltas, connectors and automatically appended final total; exclusive surface.","Explicit delta/subtotal/total steps, opening balance and horizontal orientation.","N","Opening balance, changes, intermediate subtotal and final total have correct levels; subtotal never becomes another delta.","ChartForgeX core","Shared scene/frame/theme; scales/format/layout/semantics as relevant","Source assessed; runtime/visual/performance unverified"
"BOX","Box plot","Implemented, partial","Raw samples or five-number summaries; interpolated quartiles/min-max whiskers; vertical median labels.","Horizontal orientation, grouping offsets and documented statistical convention; optional IQR/outlier mode separately scoped.","N","Known quartiles and supplied summaries; two series/category distinct in either orientation; outliers explicit if added.","ChartForgeX core","Shared scene/frame/theme; scales/format/layout/semantics as relevant","Source assessed; runtime/visual/performance unverified"
"CAN","Candlestick","Implemented, partial","Validated OHLC/date records, bodies/wicks, up/down colors and item overrides.","Independent body/wick styles and hollow candles; trading-session spacing as deliberate financial scope.","N styles; E sessions","Rising/falling/doji/hollow fixtures; continuous vs session-time weekend behavior and matching bounds.","ChartForgeX core","Shared scene/frame/theme; scales/format/layout/semantics as relevant","Source assessed; runtime/visual/performance unverified"
"OHL","OHLC","Implemented, partial","High/low stem, open-left and close-right ticks; validated date records/up-down colors.","Independent stroke styling and shared financial/session-time contract.","N styles; E sessions","Tick directions and equal-open-close cases; switching candle/OHLC preserves data/axes/extents.","ChartForgeX core","Shared scene/frame/theme; scales/format/layout/semantics as relevant","Source assessed; runtime/visual/performance unverified"
"QUA","Quadrant","Related, partial","Main Mermaid quadrant maps normalized values to scatter and puts quadrant names in subtitle.","Native four-region/pivot/style/label contract supporting scatter/bubble; thin Mermaid mapping.","N","Arbitrary numeric pivot yields four correctly bounded regions; normalized Mermaid mapping remains accurate.","ChartForgeX core","Shared scene/frame/theme; scales/format/layout/semantics as relevant","Source assessed; runtime/visual/performance unverified"
"COM","Combination","Implemented, partial","Bar+line, bar+area, scatter+line helpers; secondaryY; histogram+bar tests.","Publish compatibility matrix: coordinates/orientation/stacks/extents/axes/draw order. General polar mixtures need new composition.","F contract; N breadth","All marks in bar+line+area, histogram+scatter and range+scatter use intended axes; unsupported mixtures reject.","ChartForgeX core","Shared scene/frame/theme; scales/format/layout/semantics as relevant","Source assessed; runtime/visual/performance unverified"
"PIE","Pie","Implemented, partial","Real sectors, labels/percentages, custom slice text, offsets, metadata; one series and one outer radius.","Separate radius measure; explicit ring composition with donut; policy for zero/long labels.","N","60/30/10/0 angle shares; independent 1/4/9/0 radius values change radius only.","ChartForgeX core","Shared scene/frame/theme; scales/format/layout/semantics as relevant","Source assessed; runtime/visual/performance unverified"
"DON","Donut","Implemented, partial","Single ring, inner radius, center values/labels and placement.","Multiple/concentric rings and pie-in-donut; per-ring radii/shared categories. Candidate has configurable MaximumPieSlices (default 6), but aggregation is Graphite-only; apply an explicit display policy consistently across themes.","N","Two years, same categories, shared legend, different ring bounds, stable totals and readable center.","ChartForgeX core","Shared scene/frame/theme; scales/format/layout/semantics as relevant","Source assessed; runtime/visual/performance unverified"
"RDL","Radar line","Related, partial","AddRadar supports several series but always fills, outlines and marks polygons.","Explicit line-only mode; marker controls, grid shape, reversal and label orientation.","N","Six categories × two series; line-only retains no area fill; missing category policy and fixed domain.","ChartForgeX core","Shared scene/frame/theme; scales/format/layout/semantics as relevant","Source assessed; runtime/visual/performance unverified"
"RDA","Radar area","Implemented, partial","Filled multi-series radar, grid/axes/ticks/formatting and radial min/max/log.","Explicit area/line semantics, fill opacity, marker controls, grid/reverse policy; common polar axes.","N","Two overlapping polygons, long category names, zero/missing values; scale and fill agree in SVG/PNG.","ChartForgeX core","Shared scene/frame/theme; scales/format/layout/semantics as relevant","Source assessed; runtime/visual/performance unverified"
"NIG","Nightingale","Related, partial","PolarArea equal-angle wedges with sqrt(value/max) radius: area proportional to value; single series.","Categorical polar axes, explicit radius-vs-area encoding, grouped/stacked series and reversal. Preserve current area encoding distinctly.","E","Four categories × two series; validate scale math, grouped/stacked endpoints and zeros.","ChartForgeX core","Shared scene/frame/theme; scales/format/layout/semantics as relevant","Source assessed; runtime/visual/performance unverified"
"RCO","Radial column","Missing","PolarArea wedges do not implement polar columns.","Category-angle/numeric-radius columns, grouping/stacking and reversal on shared polar scales.","E","Four categories × three series; base radius, column edges and stack sums tested.","ChartForgeX core","Shared scene/frame/theme; scales/format/layout/semantics as relevant","Source assessed; runtime/visual/performance unverified"
"RBA","Radial bar","Related, partial","AddRadialBar means progress rings constrained to 0..100; LayeredRadial also exists.","General numeric-angular/category-radial bars, arbitrary domain and stacking. Retain explicitly named progress-ring API.","E","1200/800/400 with two stacks, nonzero domain and reverse; old percent rings unchanged in meaning.","ChartForgeX core","Shared scene/frame/theme; scales/format/layout/semantics as relevant","Source assessed; runtime/visual/performance unverified"
"SUN","Sunburst","Implemented, partial","Weighted hierarchy, one root/single parent/acyclic validation; shared SVG/PNG layout and descendant sums.","Stable node IDs separate from display labels; independent color dimension/scale; authored-parent policy.","N","Three levels, repeated labels, skewed leaf sizes and numeric colors; angle sums and ancestor totals verified.","ChartForgeX core","Shared scene/frame/theme; scales/format/layout/semantics as relevant","Source assessed; runtime/visual/performance unverified"
"TRE","Treemap","Implemented, partial","Flat weighted treemap; shared recursive binary rectangle partition.","Actual hierarchical data, parent headers/aggregation and independent color scale. Recursive partition is not hierarchical input.","N","Three-level tree with repeated labels; nested containment, sums and useful tiny tiles.","ChartForgeX core","Shared scene/frame/theme; scales/format/layout/semantics as relevant","Source assessed; runtime/visual/performance unverified"
"SAN","Sankey","Implemented, partial","Weighted DAG ribbons/nodes, labels and metadata; cycles/self-links rejected; separate SVG/PNG layout owners.","One layout, stable node IDs, alignment/order/gaps/style; explicit tiny-flow minimum-width and conservation policy.","N","Split/join, disconnected component and tiny flow; stable layers and honest weight proportions.","ChartForgeX core","Shared scene/frame/theme; scales/format/layout/semantics as relevant","Source assessed; runtime/visual/performance unverified"
"CHO","Chord","Missing","Circular topology placement is not a weighted chord diagram.","Circular weighted ribbons; directional/reciprocal-flow semantics, ordering and labels.","E","Four groups with distinct A→B/B→A; validate ribbon widths and angular allocation.","ChartForgeX core","Shared scene/frame/theme; scales/format/layout/semantics as relevant","Source assessed; runtime/visual/performance unverified"
"FUN","Funnel","Implemented, partial","Main classic trapezoids; retention/dropoff metadata. Candidate Graphite switches to rectangular stage bars.","Explicit stage-bar vs cone anatomy independent of theme; direction/orientation and common stage metrics.","N","100/75/40/0 and an increasing stage; exact widths, retention/dropoff, same geometry across themes.","ChartForgeX core","Shared scene/frame/theme; scales/format/layout/semantics as relevant","Source assessed; runtime/visual/performance unverified"
"CON","Cone funnel","Related, partial","Main funnel trapezoids are a geometric starting point, without explicit cone stage-line contract.","Value maps to stage-line width; connection regions between lines; dedicated API/fixtures. No 3D implication.","E","100/70/20/0 lines have proportional widths; connector area is not falsely treated as value.","ChartForgeX core","Shared scene/frame/theme; scales/format/layout/semantics as relevant","Source assessed; runtime/visual/performance unverified"
"PYR","Pyramid","Missing","No dedicated model or renderer found.","Triangular partitions, explicit height/area semantics, ordering/orientation and labels.","E","50/30/20 with height encoding yields .5/.3/.2 height ratios; zeros and reversed order.","ChartForgeX core","Shared scene/frame/theme; scales/format/layout/semantics as relevant","Source assessed; runtime/visual/performance unverified"
"RGU","Radial gauge","Implemented, partial; richer candidate","Main arc gauge; candidate has Arc/Needle/Linear forms, target, caption and bands.","Qualify candidate; configurable sweep/start/end, ticks/segments, bar+needle and multiple targets as needed; form independent of theme.","N","Domain -20..80, value30, target60; bar/needle/target share exact scale and bounds policy.","ChartForgeX core","Shared scene/frame/theme; scales/format/layout/semantics as relevant","Source assessed; runtime/visual/performance unverified"
"LGU","Linear gauge","Candidate; related main bullet","Horizontal linear gauge candidate-only. Main bullet supports multiple rows, range ends, min/max/target with shared layout.","Qualify linear form; vertical orientation and common scale/target/segments. Preserve bullet as its own comparison form.","N","Three bullet rows same nonzero domain; portrait/landscape gauges retain value and target positions.","ChartForgeX core","Shared scene/frame/theme; scales/format/layout/semantics as relevant","Source assessed; runtime/visual/performance unverified"
"MAP","Map","Implemented, partial","GeoJSON polygon choropleth, region aliases, color ramps, markers/routes, geometry overlays and tile maps.","Independent data/scale/legend per layer; polygon+route+marker mixed datasets on one projection; line/point GeoJSON ingestion and size domain.","N","Country choropleth + routes + weighted sites align; holes/islands/no-data/alias joins and two legends verified.","ChartForgeX core","Shared scene/frame/theme; scales/format/layout/semantics as relevant","Source assessed; runtime/visual/performance unverified"
"ORG","Org chart","Implemented, partial","Topology hierarchy/team ID-parent model, role/status/icons/metadata, subtree policy, filters/ancestor context; generic artwork.","Typed people presentation/portraits with SVG/PNG crop parity; static collapse summary/ordering; browser expansion separately.","N","Three levels, duplicate display names, long roles, local portraits, 200 people, orphan/cycle errors and filtered ancestor context.","ChartForgeX core","Shared scene/frame/theme; scales/format/layout/semantics as relevant","Source assessed; runtime/visual/performance unverified"
"HEA","Heatmap","Implemented, partial","Matrix/categorical labels, scale/value text, calendar heatmap and additional hexbin forms already exist.","Hierarchical category-axis integration; one color-scale/legend/no-data policy and label-density contract. Calendar is not missing.","N","Grouped rows/columns, calendar month boundaries, diverging/constant values, missing vs zero and compact labels.","ChartForgeX core","Shared scene/frame/theme; scales/format/layout/semantics as relevant","Source assessed; runtime/visual/performance unverified"
