"id","consumer","source_revision","evidence_path_and_line","observed_capability","v2_equivalent","future_package","migration_recipe","proof_fixture","phase","status"
"PBG01","PowerBGInfo","b267584","Sources/PowerBGInfo/BgInfoRasterImage.cs:17","ImageComposition transparent/opaque creation and image loading","Composition backed by shared raster/text services","ChartForgeX.Visuals + ChartForgeX","Reference Visuals; create/load main image through composition; preserve explicit background and dimensions","Synthetic background load and transparent RGBA create at 2560x1080 and 3840x2160","4","planned"
"PBG02","PowerBGInfo","b267584","Sources/PowerBGInfo/BgInfoRasterImage.cs:54","Resize and positioned DrawImage with fit/opacity","Measured composition image layer; shared RGBA pixels","ChartForgeX.Visuals + ChartForgeX","Resize by drawing source into requested rectangle; preserve Stretch/Contain/Cover and alpha","Opaque and transparent source; fit modes; opacity; unchanged requested pixel bounds","4","planned"
"PBG03","PowerBGInfo","b267584","Sources/PowerBGInfo/BgInfoRasterImage.cs:90","TextLayoutEngine.Measure and styled DrawText","One shared font/measurement/shaping engine","ChartForgeX.Visuals + ChartForgeX","Retain TextStyle/font traits; measure and draw with same context; keep consumer text cache scoped","Weight/italic/decorations/baseline/case; long host/user text; matching measured bounds","4","planned"
"PBG04","PowerBGInfo","b267584","Sources/PowerBGInfo/BgInfoRasterImage.cs:47","Still encoder selection; JPEG quality/background; RGBA handoff","Core still codecs and pixels with Visuals composition output","ChartForgeX.Visuals + ChartForgeX","Encode resolved pixels; preserve JPEG flattening and jpe/jfif/pnm alias dispatch","PNG alpha; JPEG quality95 flattened black; BMP/PPM/TIFF supported output; dimensions","4","planned"
"PBG05","PowerBGInfo","b267584","Sources/PowerBGInfo/BgInfoChartRenderer.cs:89","Transparent no-header/card/axes nested plot; size/padding/supersampling/formatter","Shared size/frame/theme/render options","ChartForgeX","Configure common frame without decoration; compile fixed size; format values using shared context; export prepared RGBA","Phase1 transparent chart adapter-shaped fixture; explicit size and localized values","1","planned"
"PBG06","PowerBGInfo","b267584","Sources/PowerBGInfo/BgInfoChartRenderer.cs:120","Bar/horizontal bar/line/area/sparkline","Core Cartesian and sparkline models","ChartForgeX","Map indexed points and caller colors; use shared mini-trend layout without nested frame","Categorical/short trends exact; multi-series proof then all consumed Cartesian variants","2","planned"
"PBG07","PowerBGInfo","b267584","Sources/PowerBGInfo/BgInfoChartRenderer.cs:165","Adaptive dense line/area; Trend policy; smoothing","Resolution-aware series with source provenance","ChartForgeX","Retain width-aware Trend policy and source-index mapping; smoothing explicit","BgInfoChartRendererTests dense decimation and exact short/categorical cases","2","planned"
"PBG08","PowerBGInfo","b267584","Sources/PowerBGInfo/BgInfoChartRenderer.cs:132","Gauge/circle/radialbar/bullet/pie/donut/progress/pictorial","Core specialized chart models","ChartForgeX","Map percent/range/target semantics without normalizing unlike families to generic series","Donut Phase1; gauge/circle/radial/bullet/progress/pictorial acceptance later","2-3","planned"
"PBG09","PowerBGInfo","b267584","Sources/PowerBGInfo/BgInfoChartRenderer.cs:176","Legend/pointlegend/labels/center/status/progress handles/palette/radius/thickness/max/columns","Shared frame and explicit family style/data options","ChartForgeX","Retain caller overrides and family options; classify handles as marks rather than fake controls","Font-role tests; long legend; min/max/target; center values; handles on/off","2-3","planned"
"PBG10","PowerBGInfo","b267584","Sources/PowerBGInfo/BgInfoVisualCanvasRenderer.cs:23","Canvas title/background/backdrop; hero text runs/badge/feature strip","Generic measured canvas layers and shared theme","ChartForgeX.Visuals","Keep PowerBgInfoHero/lane policy in consumer; map generic text/image/icon layers and visibility","Hero/badge disabled; image badge alpha/fit/padding; long title; BgInfoVisualCanvasRendererTests","4","planned"
"PBG11","PowerBGInfo","b267584","Examples/Scripts/PowerBGInfo.VisualCanvas.CenterRight.ps1:13","Center-right lanes; tile and lane dimensions/gaps/offsets","Generic bounds/anchors/constraints and per-item sizing","ChartForgeX.Visuals","Map resolved consumer lane rectangles to measured layers; preserve independent sibling widths","CenterRight script synthetic data; narrow non-overlap; center offset clamping; 2560x1080/4K","4","planned"
"PBG12","PowerBGInfo","b267584","Examples/Scripts/PowerBGInfo.VisualCanvas.ContrastBox.ps1:27","Contrast surfaces; WrapThenShrink; tile labels/value/detail/progress","Factual info tiles with measured text and themed surfaces","ChartForgeX.Visuals","Configure tile roles/alpha/fit explicitly; preserve custom colors over canonical defaults","ContrastBox script over light/dark/detailed wallpaper; long OS and domain strings","4","planned"
"PBG13","PowerBGInfo","b267584","Examples/Scripts/PowerBGInfo.VisualCanvas.MiniCharts.ps1:29","Mini Sparkline/Area/Bars; values and maximum","Core sparkline/mark engine in Visuals tile","ChartForgeX.Visuals + ChartForgeX","Supply mini data and explicit maximum to shared mini-chart spec; keep unit/value text factual","MiniCharts script; area/bar/sparkline at actual tile size; explicit zero/max","4","planned"
"PBG14","PowerBGInfo","b267584","Examples/Scripts/PowerBGInfo.VisualCanvas.Raised3D.ps1; Examples/Scripts/PowerBGInfo.VisualCanvas.RaisedSections.ps1","Raised/glass/outline opt-in effects and sections","Named optional depth/surface treatments","ChartForgeX.Visuals","Select effects explicitly; preserve alpha and section separation independently of default chart preset","Raised3D and RaisedSections scripts; inspected light/dark and alpha PNG/JPEG","4","planned"
"PBG15","PowerBGInfo","b267584","Sources/PowerBGInfo/BgInfoTopologyRenderer.cs:27; Examples/Scripts/PowerBGInfo.TopologyOverlay.ps1","Fixed transparent topology viewport; groups/nodes/edges/labels/status; wallpaper overlay","Core prepared topology placed by Visuals","ChartForgeX + ChartForgeX.Visuals","Compile fixed 560x310 topology with viewport fit; composite bottom-right offset34; keep layout policy in consumer","TopologyOverlay script; alpha and label bounds; no silent size growth","3-4","planned"
"IP01","ImagePlayground","46bd2fd / cached c1df15a","Sources/ImagePlayground.PowerShell/Internal/Charts/Charts.cs; Sources/ImagePlayground.PowerShell/CmdletNewImageTopology.cs","Chart/topology/org builders and static export","Core chart/diagram models and common prepared output","ChartForgeX","Keep cmdlets thin; repoint parameters/builders to final core API; preserve typed data/options","New-ImageChart.Tests.ps1; New-ImageTopology.Tests.ps1; New-ImageOrganizationChart.Tests.ps1","2-3","planned"
"IP02","ImagePlayground","46bd2fd","Sources/ImagePlayground.PowerShell/CmdletNewImageCanvas.cs","VisualCanvas/layers/info tiles","Measured canvas with shared theme/frame contracts","ChartForgeX.Visuals","Add Visuals reference and remap concrete parameter/output/layer types","New-ImageCanvas.Tests.ps1; Canvas.SocialPreview example","4","planned"
"IP03","ImagePlayground","46bd2fd","Sources/ImagePlayground.PowerShell/CmdletNewImageListBlock.cs:31; CmdletNewImageTimelineBlock.cs:73","Metric cards/tables/lists/timelines and completed checklist data","Visuals factual layouts; core genuine timeline/mini-chart engine","ChartForgeX.Visuals + ChartForgeX","Split semantic chart layouts from factual feed; retain read-only completion markers and accessible state","Checked true/false and completed item exports; metric/table/list fixtures; no fake action controls","4","planned"
"IP04","ImagePlayground","46bd2fd","Sources/ImagePlayground.PowerShell/CmdletNewImageStory.cs:172","VisualStory scenes/source/panels/outcomes and animation exports","Story sequencing over common renderable","ChartForgeX.Stories","Move typed story parameters and timing/export options together; retain scene content and transcript","New-ImageStory.Tests.ps1; ImageStoryPaths.Tests.ps1; GIF/APNG/HTML content and duration","4","planned"
"IP05","ImagePlayground","46bd2fd","Sources/ImagePlayground.PowerShell/CmdletNewImageVisualStory.cs:29","VisualGrid plus VisualMotionTimeline workflow","Visuals static grid with Stories timing wrapper","ChartForgeX.Visuals + ChartForgeX.Stories","Keep grid construction distinct from VisualStory; apply common motion orchestration externally","New-ImageVisualStory.Tests.ps1; VisualStory.Profile example; completed PNG and timed SVG/HTML","4","planned"
"IP06","ImagePlayground","46bd2fd","Sources/ImagePlayground.PowerShell/CmdletNewImageConsoleStory.cs:77","TerminalStory tabs/commands/output/tables/pauses/playback/transcript","Terminal semantic frames and shared animation output","ChartForgeX.Stories","Move terminal types/theme and export together; retain monospace roles and ANSI semantics","New-ImageConsoleStory*.Tests.ps1; ConsoleStoryPackaging.Tests.ps1; PowerShell/ChartInFiveLines examples","4","planned"
"IP07","ImagePlayground","46bd2fd","Sources/ImagePlayground.PowerShell/CmdletNewImageTopology.cs:262","Topology GIF/APNG route/scenario animation","Stories animation extension over core topology","ChartForgeX.Stories + ChartForgeX","Route animated exports through Stories; preserve independent static topology API","Topology.RouteAnimation example; frames/path timing/alpha; static-only package closure","4","planned"
"IP08","ImagePlayground","46bd2fd","Sources/ImagePlayground.PowerShell/CmdletNewImageTopology.cs:145","Actual scenario controls/panel/URL state","Real HTML interaction adapter","ChartForgeX.Interactivity.Html","Retain controls in HTML adapter/host rather than painting them into still images","Topology interactive scenario navigation/state fixture; static SVG/PNG script-free","3-5","planned"
"IP09","ImagePlayground","46bd2fd","Sources/ImagePlayground.PowerShell/CmdletNewImageVisualWatermark.cs; CmdletExportImageVisualArtifact.cs:79","Text/image watermark anchor/offset/padding/opacity/rotation/scale/repeat and ordered export","Visuals decorator over common static visual","ChartForgeX.Visuals","Apply ordered decorators before output; remove watermark field from core render options","VisualArtifact.Tests.ps1 text/image marks; order; SVG/PNG; DPI and one-output-path behavior","4","planned"
"IP10","ImagePlayground","46bd2fd","Sources/ImagePlayground.PowerShell/CmdletConvertToImageVisualArtifact.cs:61","Concrete-type dispatch to artifact","Package-owned producers/common artifact contract","ChartForgeX + producing package","Accept common renderable/artifact; keep optional conversion in producing package without central optional-type switch","Phase1 adapter-shaped artifact fixture; later every accepted producer compiles","1-4","planned"
"IP11","ImagePlayground","46bd2fd","Sources/ImagePlayground.PowerShell/CmdletConvertToImageVisualArtifact.cs:104","OfficeVisualSvg/InterchangeJson/schema/version/kind/id/title/alternative text properties","Portable bytes/JSON plus identity/accessibility","ChartForgeX","Preserve property names and versioned interchange; no casts to consumer-local moved types","Phase1 portable payload fixture; later isolated ALC PowerShell-to-OfficeIMO handoff","1-5","planned"
"IP12","ImagePlayground","46bd2fd / cached c1df15a","Sources/ImagePlayground.PowerShell/ImagePlayground.PowerShell.csproj:39; Build/Build-Module.ps1:115","Source/sibling/NuGet modes; net472/net8 bundling; ALC and explicit accelerators","Explicit multi-package module closure","ChartForgeX + Visuals + Stories + selected adapters","Update package refs/source paths/accelerator assemblies/types/help together; avoid owner runtime dependency additions","Installed PS5.1 and PS7 import; moved enum/type parameter binding; no adjacent source reference","5","planned"
"IP13","ImagePlayground","46bd2fd / cached c1df15a","Sources/ImagePlayground.Syntax.TreeSitter/ImagePlayground.Syntax.TreeSitter.csproj","Optional IStorySourceTokenizer implementation","Optional tokenizer consuming Stories contract","ChartForgeX.Stories","Move only tokenizer contract dependency; keep TreeSitter optional and out of owner dependencies","Syntax tokenizer tests plus story export with and without optional assembly","4-5","planned"
"OFF01","OfficeIMO.ChartForgeX","a7207099 / cached fc7f5718","OfficeIMO.ChartForgeX/OfficeVisualConversionExtensions.cs:15","ToOfficeVisual from artifact; rendered SVG/PNG and semantic regions","Common core static artifact/prepared output","ChartForgeX","Consume shared artifact without Visuals/Stories concrete overload closure; preserve identity and regions","Phase1 adapter-shaped artifact fixture; later OfficeVisualIntegrationTests","1-5","planned"
"OFF02","OfficeIMO.ChartForgeX","a7207099 / cached fc7f5718","OfficeIMO.ChartForgeX/OfficeVisualSource.cs:13; OfficeVisualConversionExtensions.cs:102","Portable SVG source and OfficeDrawing fidelity policy","SVG input plus explicit import diagnostics/fallback","ChartForgeX","Retain portable bytes/id/title/alt/decorative state and reject/rasterize/preserve policy","SVG unsupported effects; BOM/XML source; fallback payload; OfficeDrawing and PDF validation","5","planned"
"OFF03","OfficeIMO.ChartForgeX","a7207099 / cached fc7f5718","OfficeIMO.ChartForgeX/OfficeVisualPlacementExtensions.cs:17","Word/Excel/PowerPoint/PDF placement","Common static image payload and accessibility","ChartForgeX","Preserve resolved dimensions/DPI/pixel-to-point conversion and fallback formats","Saved DOCX/XLSX/PPTX/PDF inspected; repeated placement; alt text; alpha","5","planned"
"OFF04","OfficeIMO.ChartForgeX","a7207099 / cached fc7f5718","OfficeIMO.ChartForgeX/OfficeVisioVisualConversionExtensions.cs:19","Native editable topology/flow/sequence via interchange envelope/JSON","Core versioned semantic interchange independent of scene","ChartForgeX","Retain IDs/groups/nodes/edges/routes/metadata and fidelity diagnostics; preserve JSON entrypoint","Phase1 tiny topology/sequence semantic fixture; later native VSDX elements/routes and schema reader proof","1-5","planned"
"OFF05","OfficeIMO.ChartForgeX","a7207099 / cached fc7f5718","OfficeIMO.ChartForgeX.Tests/OfficeVisualIntegrationTests.cs:239; :473","Text/image watermarks and static TableArtifact","Visuals decoration/table rendering plus core tabular interchange","ChartForgeX.Visuals + ChartForgeX","Decorate common artifact in Visuals before Office conversion; keep base adapter core-focused","Watermarked table Word/Excel/PowerPoint/PDF; native Visio presentation-loss report","4-5","planned"
"OFF06","OfficeIMO.ChartForgeX","cached fc7f5718","OfficeIMO.ChartForgeX/OfficeIMO.ChartForgeX.csproj:50","NuGet range excludes 2.0.0","Deliberate major-boundary adapter release","ChartForgeX","Review version range with contract migration; qualify packed owner then published three-part version","Clean-feed restore/build then public-package repin; no project-reference fallback","5","planned"
"HTML01","private HTML adapter","private source inspection","ReportChartContext.cs:94","Transparent no-card/header chart factory; flat marks; token backdrop","One shared frame/theme/context binding","ChartForgeX","Migrate factory once; preserve host panel and explicit mark backdrop","Phase1 no-card adapter-shaped chart; later compact/wide report embed light/dark","1-5","planned"
"HTML02","private HTML adapter","private source inspection","ReportChartContext.cs:177; ReportChart.cs:52","Status keys/labels; culture/Gregorian dates; accessible descriptions","Semantic statuses plus common formatting/accessibility","ChartForgeX","Map keys and treatments explicitly; retain host localized vocabulary; avoid status inference from labels","Phase1 status/theme fixture; later unknown/notEvaluated/couldNotEvaluate and localized calendar","1-5","planned"
"HTML03","private HTML adapter","private source inspection","ReportChartContext.cs:36; ChartForgeXVisuals.cs:42","Scoped SVG token variables and IDs; fragment/PNG/embed output","Host binding to resolved theme roles and scoped static output","ChartForgeX","Bind host CSS variables with literal export equivalents; recompile when typography changes geometry","Nested light/dark islands; multiple scoped SVGs; PNG/email export; accessibility","5","planned"
"HTML04","private HTML adapter","private source inspection","ChartForgeXVisuals.cs:87; ChartForgeXVisualStory.cs:27","Typed blocks/grids/canvas/story embedding and completed PNG/transcript","Optional adapter or common static artifact","ChartForgeX.Visuals / ChartForgeX.Stories via optional host adapters","Keep basic adapter core-focused; final optional host package names depend on type ledger","Core-only closure; optional canvas/static block/story HTML and completed PNG/transcript","4-5","planned"
"TOKEN01","canonical design-token owner","token schema 1.1.0","Generated/Tokens/ChartForgeX/evotec.chartforgex.tokens.json","Canonical paired color export with statuses/series/ramps","VisualTheme import with pinned provenance","ChartForgeX","Import resolved export shape; preserve six ordered series and magnitude ramps; document absent non-color fields","Phase1 exact light/dark surfaces/inks/severity/outcome/state/series/ramps; override precedence","1","planned"
"REPORT01","private reporting consumer","private source inspection","Charts/AdChartStyle.cs:53; AdChartOptions.cs:62","Token JSON intake and host chart factory/accessibility/culture/timezone","Shared adapter theme/format/frame context","ChartForgeX + private HTML adapter","Change shared style/factory mapping once; retain labels/culture/timezone designator and caller data","Phase1 factory-shaped fixture; later localized standalone/embedded chart export","1-5","planned"
"REPORT02","private reporting consumer","private source inspection","Charts/Availability/DcAvailabilityTimelineView.cs; HealthMatrix/DirectoryHealthMatrixView.cs","Grouped availability intervals; sparse categorical health and status treatments","Core timelines/heatmaps with retained semantic status vocabulary","ChartForgeX","Preserve category keys/order and null/zero distinction; map status presentation without collapsing semantics","Grouped timelines; sparse/missing/zero cells; unknown/not-observable; hatch/outline light/dark","3-5","planned"
"REPORT03","private reporting consumer","private source inspection","Charts/Jobs/JobLaneView.cs; GpoChanges/GpoChangeActivityView.cs","Overlapping/open jobs; hour/weekday/calendar activity","Core interval/time/calendar charts and formatting context","ChartForgeX","Retain open interval semantics/localized labels/timezone and calendar category order","Overlapping/open-job Gantt; hour/weekday/calendar heatmaps; compact/wide and light/dark","3-5","planned"
"REPORT04","private reporting consumer","private source inspection","Charts/Replication/ReplicationTopologyView.cs; ChartForgeXDocumentationTopologyRenderer.cs:113","Topology static SVG/PNG/overview; interactive/explorer/embedded desktop/document output","Core topology and existing HTML interaction host","ChartForgeX + Interactivity.Html","Retain nodes/edges/status/theme; map export through shared static contract; keep explorer shell in adapter","Replication/documentation topology; semantic roles; static/interactive/workspace/document closure","3-5","planned"
"REPORT05","private reporting consumer","private source inspection","Directory.Build.local.props:8; Directory.Build.props:83","Ignored local dependency snapshots absent; nominal package pins","Reproducible supported source or package candidate","Consumer dependency closure","Restore exact available owner/adapter candidate in later authorized consumer task; preserve local work","Clean dependency resolution; no missing temporary snapshot; package-only report build","5","planned"
